{
  "roc_auc": 0.6514971536352345,
  "log_loss": 0.6454811692237854,
  "brier_score": 0.22756215929985046,
  "accuracy_0.5": 0.6272019664072102,
  "baseline_fg_pct": 0.4775365287450498,
  "n_test": 7323
}